case_id,ground_truth,hit_1,hit_5,hit_20,rank,rr,candidate_acc,top_candidate,top_score,margin,target_edges,total_entities_retrieved,total_relations_retrieved
PMC10071914_01,Scrub Typhus,0,0,1,11,0.09090909090909091,1,Scrub Typhus,6,6,0,42,0
PMC10348382_01,Echinococcosis,0,0,0,0,0.0,1,Echinococcosis,2,2,0,43,0
PMC10362915_01,Tuberculosis,0,1,1,4,0.25,1,Tuberculosis,140,140,0,43,0
PMC10703499_01,Tuberculosis,0,1,1,4,0.25,1,Tuberculosis,127,127,0,43,0
PMC10712253_01,Tuberculosis,0,1,1,4,0.25,1,Tuberculosis,525,525,0,42,0
PMC10932498_01,Dengue,0,0,0,0,0.0,1,Dengue,47,47,0,38,0
PMC10941984_01,Malaria,0,0,0,26,0.038461538461538464,1,Malaria,195,195,0,43,0
PMC10949269_01,Malaria,0,0,0,24,0.041666666666666664,1,Malaria,58,58,0,40,0
PMC11682786_01,Viral Hemorrhagic Fevers,1,1,1,1,1.0,1,Viral Hemorrhagic Fevers,3,3,0,40,0
PMC11682824_01,Malaria,0,0,0,25,0.04,1,Malaria,39,39,0,41,0
PMC11770496_01,Tuberculosis,0,1,1,4,0.25,1,Tuberculosis,95,95,0,43,0
PMC11806386_01,Melioidosis,0,0,0,0,0.0,1,Melioidosis,4,4,0,43,0
PMC11831978_01,Schistosomiasis,0,0,0,0,0.0,1,Schistosomiasis,8,8,0,43,0
PMC12911139_01,Tuberculosis,0,1,1,4,0.25,1,Tuberculosis,114,114,0,40,0
PMC12927153_01,Echinococcosis,0,0,0,0,0.0,1,Echinococcosis,2,2,0,43,0
PMC2801018_01,Tuberculosis,0,1,1,4,0.25,1,Tuberculosis,493,493,0,42,0
PMC2801018_02,Tuberculosis,1,1,1,1,1.0,1,Tuberculosis,548,548,0,41,0
PMC2878410_01,Tuberculosis,0,1,1,4,0.25,1,Tuberculosis,394,394,0,41,0
PMC3039764_01,Scabies,0,0,1,7,0.14285714285714285,1,Scabies,53,53,0,43,0
PMC3322787_01,Leptospirosis,0,0,0,0,0.0,1,Leptospirosis,12,12,0,42,0
PMC3322787_02,Leptospirosis,0,0,0,0,0.0,1,Leptospirosis,19,19,0,39,0
PMC3322787_03,Leptospirosis,0,0,0,0,0.0,1,Leptospirosis,16,16,0,40,0
PMC3322787_04,Leptospirosis,0,0,0,0,0.0,1,Leptospirosis,6,6,0,43,0
PMC3322787_05,Leptospirosis,0,0,0,0,0.0,1,Leptospirosis,1,1,0,43,0
PMC3322787_06,Leptospirosis,0,0,0,0,0.0,1,Leptospirosis,14,14,0,40,0
PMC3328486_01,Schistosomiasis,0,0,0,0,0.0,1,Schistosomiasis,13,13,0,43,0
PMC3357531_01,Tuberculosis,0,1,1,4,0.25,1,Tuberculosis,106,106,0,43,0
PMC3429378_01,Tuberculosis,0,1,1,4,0.25,1,Tuberculosis,93,93,0,43,0
PMC3461775_01,Echinococcosis,0,0,0,0,0.0,1,Echinococcosis,12,12,0,43,0
PMC3481907_01,Tuberculosis,0,1,1,4,0.25,1,Tuberculosis,105,105,0,43,0
PMC3534248_01,Echinococcosis,0,0,0,0,0.0,1,Echinococcosis,4,4,0,43,0
PMC3597904_01,Tuberculosis,0,1,1,4,0.25,1,Tuberculosis,144,144,0,43,0
PMC3738493_01,Dengue,0,0,0,0,0.0,1,Dengue,84,84,0,41,0
PMC3884731_01,Trypanosomiasis,0,0,0,0,0.0,1,Trypanosomiasis,0,0,0,43,0
PMC3914130_01,Leptospirosis,0,0,0,0,0.0,1,Leptospirosis,23,23,0,42,0
PMC4153165_01,Melioidosis,0,0,0,0,0.0,1,Melioidosis,30,30,0,43,0
PMC4153237_01,Echinococcosis,0,0,0,0,0.0,1,Echinococcosis,20,20,0,43,0
PMC4296413_01,Tuberculosis,0,1,1,4,0.25,1,Tuberculosis,143,143,0,41,0
PMC4491481_01,Tuberculosis,0,1,1,4,0.25,1,Tuberculosis,122,122,0,43,0
PMC4736596_01,Soil-Transmitted Helminths,0,0,0,0,0.0,1,Soil-Transmitted Helminths,0,0,0,43,0
PMC4782660_01,Schistosomiasis,0,0,0,0,0.0,1,Schistosomiasis,9,9,0,43,0
PMC5015625_01,Malaria,0,0,0,25,0.04,1,Malaria,51,51,0,41,0
PMC5175025_01,Tuberculosis,0,1,1,4,0.25,1,Tuberculosis,74,74,0,43,0
PMC5458696_01,Tuberculosis,0,1,1,4,0.25,1,Tuberculosis,99,99,0,43,0
PMC5624136_01,Tuberculosis,0,1,1,4,0.25,1,Tuberculosis,84,84,0,43,0
PMC5850760_01,Malaria,0,0,0,25,0.04,1,Malaria,54,54,0,40,0
PMC5850760_03,Malaria,0,0,0,24,0.041666666666666664,1,Malaria,47,47,0,40,0
PMC6417330_03,Dengue,0,0,0,0,0.0,1,Dengue,2,2,0,43,0
PMC6855035_01,Tuberculosis,0,1,1,4,0.25,1,Tuberculosis,119,119,0,43,0
PMC7094044_01,Tuberculosis,0,1,1,4,0.25,1,Tuberculosis,174,174,0,43,0
PMC7649586_01,Tuberculosis,0,1,1,4,0.25,1,Tuberculosis,116,116,0,43,0
PMC7747806_01,Trypanosomiasis,0,0,0,0,0.0,1,Trypanosomiasis,2,2,0,43,0
PMC8046485_01,Tuberculosis,0,1,1,4,0.25,1,Tuberculosis,113,113,0,43,0
PMC8203059_01,Echinococcosis,0,0,0,0,0.0,1,Echinococcosis,8,8,0,43,0
PMC8415076_01,Malaria,0,0,1,13,0.07692307692307693,1,Malaria,218,218,0,43,0
PMC9146591_02,Tuberculosis,0,1,1,4,0.25,1,Tuberculosis,107,107,0,43,0
PMC9166903_02,Tuberculosis,0,1,1,4,0.25,1,Tuberculosis,93,93,0,43,0
PMC9166903_04,Tuberculosis,0,1,1,4,0.25,1,Tuberculosis,107,107,0,43,0
PMC9410991_01,Tuberculosis,0,1,1,4,0.25,1,Tuberculosis,103,103,0,43,0
PMC9493459_01,Tuberculosis,0,1,1,4,0.25,1,Tuberculosis,133,133,0,43,0
PMC9515355_01,Malaria,0,0,0,24,0.041666666666666664,1,Malaria,152,152,0,41,0
PMC9556986_01,Echinococcosis,0,0,0,0,0.0,0,Tuberculosis,119,-116,0,43,0
PMC9650132_01,Tuberculosis,0,1,1,4,0.25,1,Tuberculosis,86,86,0,41,0
PMC9924618_01,Tuberculosis,0,1,1,4,0.25,1,Tuberculosis,108,108,0,43,0
PMC10183455_01,Echinococcosis,0,0,0,0,0.0,1,Echinococcosis,1,1,0,43,0
PMC10581008_01,Soil-Transmitted Helminths,0,0,0,0,0.0,1,Soil-Transmitted Helminths,0,0,0,43,0
PMC10637728_01,Leishmaniasis,0,0,0,0,0.0,1,Leishmaniasis,20,20,0,41,0
PMC10637728_02,Leishmaniasis,0,0,0,0,0.0,1,Leishmaniasis,11,11,0,41,0
PMC10756375_01,Malaria,0,0,0,26,0.038461538461538464,1,Malaria,50,50,0,43,0
PMC10807272_01,Malaria,0,0,0,26,0.038461538461538464,1,Malaria,32,32,0,43,0
PMC10830638_01,Echinococcosis,0,0,0,0,0.0,1,Echinococcosis,6,6,0,43,0
PMC10876100_01,Dengue,0,0,0,22,0.045454545454545456,1,Dengue,151,151,0,38,0
PMC10876100_02,Dengue,0,0,0,0,0.0,1,Dengue,48,48,0,38,0
PMC11090586_01,Tuberculosis,0,1,1,4,0.25,1,Tuberculosis,94,94,0,43,0
PMC11101932_01,Tuberculosis,0,1,1,4,0.25,1,Tuberculosis,157,157,0,43,0
PMC11664150_01,Tuberculosis,0,1,1,4,0.25,1,Tuberculosis,84,84,0,43,0
PMC11753413_01,Soil-Transmitted Helminths,0,0,0,0,0.0,1,Soil-Transmitted Helminths,0,0,0,43,0
PMC11754819_01,Malaria,0,0,0,25,0.04,1,Malaria,49,49,0,39,0
PMC11760300_01,Echinococcosis,0,0,0,0,0.0,1,Echinococcosis,3,3,0,43,0
PMC11795047_01,Melioidosis,0,0,0,0,0.0,1,Melioidosis,9,9,0,40,0
PMC12382973_01,Echinococcosis,0,0,0,0,0.0,1,Echinococcosis,25,25,0,43,0
PMC12508594_01,Echinococcosis,0,0,0,0,0.0,1,Echinococcosis,0,0,0,43,0
PMC12544461_01,Tuberculosis,0,1,1,4,0.25,1,Tuberculosis,187,187,0,42,0
PMC12554546_01,Amebiasis,0,0,1,19,0.05263157894736842,1,Amebiasis,80,80,0,42,0
PMC12705073_01,Paracoccidioidomycosis,0,0,0,0,0.0,1,Paracoccidioidomycosis,4,4,0,39,0
PMC12931996_01,Leprosy,0,0,0,0,0.0,1,Leprosy,17,17,0,43,0
PMC13141470_01,Tuberculosis,0,1,1,4,0.25,1,Tuberculosis,176,176,0,42,0
PMC2651114_01,Echinococcosis,0,0,0,0,0.0,1,Echinococcosis,2,2,0,43,0
PMC3035558_01,Melioidosis,0,0,0,0,0.0,1,Melioidosis,15,15,0,43,0
PMC3090634_01,Leishmaniasis,0,0,0,0,0.0,1,Leishmaniasis,11,11,0,43,0
PMC3135015_01,Schistosomiasis,0,0,0,0,0.0,1,Schistosomiasis,12,12,0,43,0
PMC3628229_01,Tuberculosis,0,1,1,3,0.3333333333333333,1,Tuberculosis,88,88,0,39,0
PMC3810313_01,Leishmaniasis,0,0,0,0,0.0,1,Leishmaniasis,14,14,0,43,0
PMC3982339_04,Tuberculosis,0,1,1,4,0.25,1,Tuberculosis,124,124,0,43,0
PMC4237689_01,Tuberculosis,0,1,1,4,0.25,1,Tuberculosis,113,113,0,43,0
PMC4427073_01,Tuberculosis,0,1,1,4,0.25,1,Tuberculosis,82,82,0,43,0
PMC4703342_01,Leishmaniasis,0,0,0,0,0.0,1,Leishmaniasis,12,12,0,41,0
PMC4703342_02,Leishmaniasis,0,0,0,0,0.0,1,Leishmaniasis,13,13,0,42,0
PMC4703342_03,Leishmaniasis,0,0,0,0,0.0,1,Leishmaniasis,18,18,0,43,0
PMC4703342_04,Leishmaniasis,0,0,0,0,0.0,1,Leishmaniasis,16,16,0,43,0
PMC4712770_01,Dengue,0,0,1,14,0.07142857142857142,1,Dengue,183,183,0,40,0
PMC5392109_01,Leptospirosis,0,0,0,0,0.0,1,Leptospirosis,15,15,0,38,0
PMC5516680_01,Schistosomiasis,0,0,1,9,0.1111111111111111,1,Schistosomiasis,31,31,0,43,0
PMC5813668_01,Leishmaniasis,0,0,0,0,0.0,1,Leishmaniasis,29,29,0,43,0
PMC5968232_01,Soil-Transmitted Helminths,0,0,0,0,0.0,1,Soil-Transmitted Helminths,0,0,0,43,0
PMC6183218_01,Foodborne Trematodes,0,0,0,0,0.0,1,Foodborne Trematodes,0,0,0,43,0
PMC6192136_01,Tuberculosis,0,1,1,4,0.25,1,Tuberculosis,103,103,0,41,0
PMC6230409_01,Soil-Transmitted Helminths,0,0,0,0,0.0,1,Soil-Transmitted Helminths,0,0,0,43,0
PMC6598396_01,Tuberculosis,0,1,1,4,0.25,1,Tuberculosis,115,115,0,42,0
PMC6598396_02,Tuberculosis,0,1,1,4,0.25,1,Tuberculosis,149,149,0,43,0
PMC6713098_01,Melioidosis,0,0,0,0,0.0,1,Melioidosis,10,10,0,41,0
PMC6942725_01,Leptospirosis,0,0,0,0,0.0,1,Leptospirosis,17,17,0,43,0
PMC6942725_02,Leptospirosis,0,0,0,0,0.0,1,Leptospirosis,15,15,0,43,0
PMC7268139_01,Talaromycosis,0,0,0,0,0.0,1,Talaromycosis,14,14,0,43,0
PMC7749933_01,Neurocysticercosis,0,0,0,0,0.0,1,Neurocysticercosis,0,0,0,43,0
PMC8060098_01,Tuberculosis,0,1,1,3,0.3333333333333333,1,Tuberculosis,511,511,0,41,0
PMC9161195_01,Tuberculosis,0,1,1,3,0.3333333333333333,1,Tuberculosis,139,139,0,41,0
PMC9196837_01,Tuberculosis,0,1,1,4,0.25,1,Tuberculosis,158,158,0,43,0
PMC9375718_01,Echinococcosis,0,0,0,0,0.0,1,Echinococcosis,7,7,0,43,0
PMC9386617_01,Dengue,0,0,0,0,0.0,1,Dengue,79,79,0,42,0
PMC9724124_01,Echinococcosis,0,0,0,0,0.0,1,Echinococcosis,7,7,0,43,0
PMC9761204_01,Tuberculosis,0,1,1,4,0.25,1,Tuberculosis,438,438,0,42,0
PMC10162717_01,Leishmaniasis,0,0,0,0,0.0,1,Leishmaniasis,12,12,0,43,0
PMC10374365_01,Malaria,0,0,0,25,0.04,1,Malaria,61,61,0,41,0
PMC10460097_01,Tuberculosis,0,1,1,4,0.25,1,Tuberculosis,118,118,0,43,0
PMC10540695_01,Tuberculosis,0,1,1,4,0.25,1,Tuberculosis,109,109,0,43,0
PMC10569653_01,Melioidosis,0,0,0,0,0.0,1,Melioidosis,9,9,0,41,0
PMC10643883_01,Tuberculosis,0,1,1,4,0.25,1,Tuberculosis,89,89,0,43,0
PMC10805995_01,Dengue,0,0,0,0,0.0,1,Dengue,55,55,0,41,0
PMC10823322_01,Neurocysticercosis,0,0,0,0,0.0,1,Neurocysticercosis,24,24,0,42,0
PMC10858631_01,Tuberculosis,0,1,1,4,0.25,1,Tuberculosis,119,119,0,43,0
PMC10870101_01,Dengue|Leptospirosis,0,0,0,0,0.0,1,Dengue,53,40,0,40,0
PMC10995331_01,Dengue,0,1,1,5,0.2,1,Dengue,63,63,0,43,0
PMC12396908_01,Leishmaniasis,0,0,0,0,0.0,1,Leishmaniasis,34,34,0,43,0
PMC13171480_01,Echinococcosis,0,0,0,0,0.0,1,Echinococcosis,30,30,0,43,0
PMC3025967_01,Leptospirosis,0,0,0,0,0.0,1,Leptospirosis,13,13,0,41,0
PMC3350145_01,Echinococcosis,0,0,0,0,0.0,1,Echinococcosis,7,7,0,43,0
PMC3497843_01,Tuberculosis,0,1,1,3,0.3333333333333333,1,Tuberculosis,103,103,0,41,0
PMC3716246_01,Schistosomiasis,0,0,1,9,0.1111111111111111,1,Schistosomiasis,35,35,0,43,0
PMC3952392_01,Melioidosis,0,0,0,0,0.0,1,Melioidosis,3,3,0,43,0
PMC4009261_01,Tuberculosis,0,1,1,4,0.25,1,Tuberculosis,112,112,0,43,0
PMC4085278_01,Tuberculosis,0,1,1,4,0.25,1,Tuberculosis,445,445,0,41,0
PMC4138670_01,Malaria,0,0,0,25,0.04,1,Malaria,70,70,0,42,0
PMC4317211_01,Tuberculosis,1,1,1,1,1.0,1,Tuberculosis,533,533,0,40,0
PMC4374194_01,Scrub Typhus,0,0,1,11,0.09090909090909091,1,Scrub Typhus,10,10,0,41,0
PMC4531579_01,Tuberculosis,0,1,1,4,0.25,1,Tuberculosis,113,113,0,43,0
PMC4532025_01,Tuberculosis,0,1,1,4,0.25,1,Tuberculosis,170,170,0,42,0
PMC4712429_01,Echinococcosis,0,0,0,0,0.0,1,Echinococcosis,3,3,0,43,0
PMC5176231_01,Zika Virus,0,0,0,0,0.0,1,Zika Virus,10,10,0,39,0
PMC5259930_01,Talaromycosis,0,0,0,0,0.0,1,Talaromycosis,6,6,0,42,0
PMC5303735_01,Amebiasis,0,0,0,0,0.0,1,Amebiasis,7,7,0,43,0
PMC5401731_01,Tuberculosis,0,1,1,4,0.25,1,Tuberculosis,127,127,0,40,0
PMC5697124_01,Melioidosis,0,0,0,0,0.0,1,Melioidosis,11,11,0,42,0
PMC5842735_01,Echinococcosis,0,0,0,0,0.0,1,Echinococcosis,12,12,0,43,0
PMC5887698_01,Echinococcosis,0,0,0,0,0.0,1,Echinococcosis,6,6,0,43,0
PMC5905859_01,Tuberculosis,0,1,1,3,0.3333333333333333,1,Tuberculosis,180,180,0,41,0
PMC5964188_02,Zika Virus,1,1,1,1,1.0,1,Zika Virus,125,125,0,43,0
PMC6126086_01,Leptospirosis,0,0,0,0,0.0,1,Leptospirosis,34,34,0,43,0
PMC6194729_01,Neurocysticercosis,0,0,0,0,0.0,1,Neurocysticercosis,30,30,0,43,0
PMC6311234_01,Soil-Transmitted Helminths,0,0,0,0,0.0,1,Soil-Transmitted Helminths,0,0,0,43,0
PMC6542496_01,Tuberculosis,0,1,1,4,0.25,1,Tuberculosis,125,125,0,43,0
PMC6607461_01,Tuberculosis,0,1,1,4,0.25,1,Tuberculosis,116,116,0,42,0
PMC6713851_01,Cholera,0,0,1,11,0.09090909090909091,1,Cholera,58,58,0,43,0
PMC6713851_02,Cholera,1,1,1,1,1.0,1,Cholera,21,21,0,41,0
PMC6791407_01,Talaromycosis,0,0,0,0,0.0,1,Talaromycosis,7,7,0,43,0
PMC6859027_01,Tuberculosis,0,1,1,4,0.25,1,Tuberculosis,107,107,0,43,0
PMC6859027_02,Tuberculosis,0,1,1,4,0.25,1,Tuberculosis,88,88,0,43,0
PMC6912930_01,Tuberculosis,0,1,1,4,0.25,1,Tuberculosis,82,82,0,43,0
PMC6912930_02,Tuberculosis,0,1,1,4,0.25,1,Tuberculosis,98,98,0,43,0
PMC7264046_01,Echinococcosis,0,0,0,0,0.0,1,Echinococcosis,23,23,0,43,0
PMC7585787_01,Leishmaniasis,0,0,0,0,0.0,1,Leishmaniasis,31,31,0,43,0
PMC7669275_02,Paracoccidioidomycosis,0,0,0,0,0.0,1,Paracoccidioidomycosis,8,8,0,43,0
PMC7821813_01,Tuberculosis,0,1,1,4,0.25,1,Tuberculosis,94,94,0,42,0
PMC7821813_02,Tuberculosis,0,1,1,4,0.25,1,Tuberculosis,94,94,0,43,0
PMC8415062_01,Malaria,0,0,0,25,0.04,1,Malaria,35,35,0,41,0
PMC8494489_01,Leprosy,0,0,0,0,0.0,1,Leprosy,15,15,0,43,0
PMC8635719_01,Leishmaniasis,0,0,0,0,0.0,1,Leishmaniasis,21,21,0,42,0
PMC8635719_02,Leishmaniasis,0,0,0,0,0.0,1,Leishmaniasis,17,17,0,41,0
PMC8635719_03,Leishmaniasis,0,0,0,0,0.0,1,Leishmaniasis,16,16,0,41,0
PMC8635719_04,Leishmaniasis,0,0,0,0,0.0,1,Leishmaniasis,14,14,0,42,0
PMC9075046_01,Echinococcosis,0,0,0,0,0.0,1,Echinococcosis,3,3,0,43,0
PMC9512064_01,Soil-Transmitted Helminths,0,0,0,0,0.0,1,Soil-Transmitted Helminths,0,0,0,43,0
PMC9637879_01,Leishmaniasis,0,0,0,0,0.0,1,Leishmaniasis,21,21,0,43,0
PMC9643409_01,Echinococcosis,0,0,0,0,0.0,1,Echinococcosis,15,15,0,43,0
PMC9795171_01,Echinococcosis,0,0,0,0,0.0,1,Echinococcosis,4,4,0,43,0
PMC9930586_01,Tuberculosis,0,1,1,4,0.25,1,Tuberculosis,137,137,0,41,0
PMC10298620_01,Leprosy,0,0,0,0,0.0,1,Leprosy,21,21,0,43,0
PMC10332771_01,Neurocysticercosis,0,0,0,0,0.0,1,Neurocysticercosis,28,28,0,43,0
PMC10499287_01,Mycetoma,0,0,0,0,0.0,1,Mycetoma,0,0,0,43,0
PMC10550213_01,Mycetoma,0,0,0,0,0.0,1,Mycetoma,53,53,0,43,0
PMC10583546_01,Talaromycosis,0,0,0,0,0.0,1,Talaromycosis,5,5,0,41,0
PMC10823326_01,Leishmaniasis,0,0,0,0,0.0,1,Leishmaniasis,18,18,0,43,0
PMC10927241_01,Echinococcosis,0,0,0,0,0.0,1,Echinococcosis,7,7,0,43,0
PMC11087666_01,Malaria,0,0,0,26,0.038461538461538464,1,Malaria,57,57,0,43,0
PMC11227676_01,Tuberculosis,0,1,1,4,0.25,1,Tuberculosis,379,379,0,41,0
PMC11682806_01,Leprosy,0,0,0,0,0.0,1,Leprosy,42,42,0,43,0
PMC11787950_01,Echinococcosis,0,0,0,0,0.0,1,Echinococcosis,8,8,0,43,0
PMC12340403_01,Tuberculosis,0,1,1,4,0.25,1,Tuberculosis,291,291,0,43,0
PMC1847505_01,Mycetoma,0,0,0,0,0.0,1,Mycetoma,0,0,0,43,0
PMC3396855_01,Malaria,0,0,1,7,0.14285714285714285,1,Malaria,111,111,0,40,0
PMC3459876_01,Dengue,0,0,0,0,0.0,1,Dengue,50,50,0,43,0
PMC3568890_01,Tuberculosis,0,1,1,4,0.25,1,Tuberculosis,98,98,0,42,0
PMC3573453_01,Tuberculosis,0,1,1,4,0.25,1,Tuberculosis,106,106,0,43,0
PMC3579065_03,Neurocysticercosis,0,0,0,0,0.0,1,Neurocysticercosis,1,1,0,43,0
PMC3579065_04,Neurocysticercosis,0,0,0,0,0.0,1,Neurocysticercosis,13,13,0,43,0
PMC3593509_01,Echinococcosis,0,0,0,0,0.0,1,Echinococcosis,5,5,0,43,0
PMC3919864_01,Tuberculosis,0,1,1,3,0.3333333333333333,1,Tuberculosis,93,93,0,40,0
PMC3992805_01,Leishmaniasis,0,0,0,0,0.0,1,Leishmaniasis,23,23,0,43,0
PMC3992805_02,Leishmaniasis,0,0,0,0,0.0,1,Leishmaniasis,28,28,0,43,0
PMC4005210_01,Scrub Typhus,0,0,1,12,0.08333333333333333,1,Scrub Typhus,10,10,0,41,0
PMC4005210_02,Scrub Typhus,0,0,1,11,0.09090909090909091,1,Scrub Typhus,8,8,0,40,0
PMC4150339_01,Echinococcosis|Tuberculosis,0,1,1,4,0.25,1,Tuberculosis,136,0,0,43,0
PMC4154285_01,Tuberculosis,0,1,1,4,0.25,1,Tuberculosis,148,148,0,43,0
PMC4285239_01,Dengue,0,0,0,34,0.029411764705882353,1,Dengue,126,126,0,42,0
PMC4329688_01,Dengue,1,1,1,1,1.0,1,Dengue,192,192,0,42,0
PMC4341258_01,Tuberculosis,0,1,1,4,0.25,1,Tuberculosis,112,112,0,43,0
PMC4534593_01,Amebiasis,0,0,0,0,0.0,1,Amebiasis,3,3,0,41,0
PMC4763575_01,Leprosy,0,0,0,0,0.0,1,Leprosy,31,31,0,43,0
PMC5124455_01,Viral Hemorrhagic Fevers,1,1,1,1,1.0,1,Viral Hemorrhagic Fevers,5,5,0,39,0
PMC5124455_02,Viral Hemorrhagic Fevers,1,1,1,1,1.0,1,Viral Hemorrhagic Fevers,6,6,0,39,0
PMC5124455_03,Viral Hemorrhagic Fevers,1,1,1,1,1.0,1,Viral Hemorrhagic Fevers,2,2,0,37,0
PMC5124455_04,Viral Hemorrhagic Fevers,0,1,1,2,0.5,1,Viral Hemorrhagic Fevers,2,2,0,39,0
PMC5248410_01,Neurocysticercosis,0,0,0,0,0.0,1,Neurocysticercosis,17,17,0,42,0
PMC5438857_01,Soil-Transmitted Helminths,0,0,0,0,0.0,1,Soil-Transmitted Helminths,0,0,0,43,0
PMC5483369_01,Tuberculosis,0,1,1,4,0.25,1,Tuberculosis,141,141,0,43,0
PMC5749200_01,Echinococcosis,0,0,0,0,0.0,1,Echinococcosis,8,8,0,43,0
PMC5779778_01,Echinococcosis,0,0,0,0,0.0,1,Echinococcosis,3,3,0,43,0
PMC5917533_01,Tuberculosis,0,1,1,4,0.25,1,Tuberculosis,135,135,0,43,0
PMC6131835_02,Scabies,0,0,0,0,0.0,1,Scabies,2,2,0,43,0
PMC6335926_01,Tuberculosis,0,1,1,3,0.3333333333333333,1,Tuberculosis,96,96,0,37,0
PMC6345088_01,Leprosy,0,0,0,0,0.0,1,Leprosy,12,12,0,43,0
PMC6375019_01,Tuberculosis,0,1,1,4,0.25,1,Tuberculosis,139,139,0,43,0
PMC6612987_01,Scrub Typhus,0,0,1,11,0.09090909090909091,1,Scrub Typhus,12,12,0,40,0
PMC6679697_01,Zika Virus,0,1,1,5,0.2,1,Zika Virus,107,107,0,42,0
PMC6679697_02,Zika Virus,0,0,0,23,0.043478260869565216,1,Zika Virus,111,111,0,43,0
PMC6735636_01,Schistosomiasis,0,0,0,0,0.0,1,Schistosomiasis,0,0,0,43,0
PMC6875249_01,Tuberculosis,0,1,1,4,0.25,1,Tuberculosis,139,139,0,41,0
PMC7102467_01,Malaria,0,0,1,11,0.09090909090909091,1,Malaria,59,59,0,41,0
PMC7266615_01,Leishmaniasis,0,0,0,0,0.0,1,Leishmaniasis,9,9,0,38,0
PMC7266615_02,Leishmaniasis,0,0,0,0,0.0,1,Leishmaniasis,16,16,0,43,0
PMC8077677_01,Echinococcosis,0,0,0,0,0.0,1,Echinococcosis,1,1,0,42,0
PMC8243228_01,Tuberculosis,0,1,1,4,0.25,1,Tuberculosis,118,118,0,43,0
PMC8243228_02,Tuberculosis,0,1,1,4,0.25,1,Tuberculosis,134,134,0,43,0
PMC8374937_02,Talaromycosis,0,0,0,0,0.0,1,Talaromycosis,0,0,0,43,0
PMC8374937_03,Talaromycosis,0,0,0,0,0.0,1,Talaromycosis,9,9,0,42,0
PMC9309810_01,Tuberculosis,0,1,1,4,0.25,1,Tuberculosis,122,122,0,42,0
PMC9393029_01,Amebiasis|Schistosomiasis,0,0,0,0,0.0,1,Schistosomiasis,1,0,0,41,0
PMC9533800_01,Tuberculosis,0,1,1,4,0.25,1,Tuberculosis,127,127,0,43,0
PMC9816882_01,Tuberculosis,0,1,1,4,0.25,1,Tuberculosis,124,124,0,43,0
PMC10248429_01,Tuberculosis,0,1,1,4,0.25,1,Tuberculosis,109,109,0,43,0
PMC10267541_02,Tuberculosis,0,1,1,4,0.25,1,Tuberculosis,91,91,0,43,0
PMC10321781_01,Echinococcosis,0,0,0,0,0.0,1,Echinococcosis,0,0,0,43,0
PMC10362657_01,Echinococcosis,0,0,0,0,0.0,1,Echinococcosis,10,10,0,43,0
PMC10839419_01,Echinococcosis,0,0,0,0,0.0,1,Echinococcosis,2,2,0,43,0
PMC10846554_01,Trypanosomiasis,0,0,0,0,0.0,1,Trypanosomiasis,0,0,0,43,0
PMC10846554_02,Trypanosomiasis,0,0,0,0,0.0,1,Trypanosomiasis,0,0,0,43,0
PMC10846554_04,Trypanosomiasis,0,0,0,0,0.0,1,Trypanosomiasis,0,0,0,43,0
PMC10846554_07,Trypanosomiasis,1,1,1,1,1.0,1,Trypanosomiasis,67,67,0,43,0
PMC10846554_08,Trypanosomiasis,0,0,0,0,0.0,1,Trypanosomiasis,0,0,0,43,0
PMC10846554_09,Trypanosomiasis,0,0,0,0,0.0,1,Trypanosomiasis,0,0,0,43,0
PMC10896102_01,Talaromycosis,0,0,0,0,0.0,1,Talaromycosis,2,2,0,43,0
PMC11068466_01,Tuberculosis,0,1,1,4,0.25,1,Tuberculosis,154,154,0,42,0
PMC11122169_01,Leishmaniasis,0,0,0,0,0.0,1,Leishmaniasis,26,26,0,43,0
PMC11178661_01,Echinococcosis,0,0,0,0,0.0,1,Echinococcosis,13,13,0,43,0
PMC11768316_01,Scrub Typhus,0,0,1,11,0.09090909090909091,1,Scrub Typhus,12,12,0,39,0
PMC12178708_01,Amebiasis,0,0,0,0,0.0,1,Amebiasis,5,5,0,43,0
PMC12745226_01,Tuberculosis,0,1,1,4,0.25,1,Tuberculosis,149,149,0,43,0
PMC2827381_01,Tuberculosis,0,1,1,3,0.3333333333333333,1,Tuberculosis,221,221,0,41,0
PMC2909728_01,Paracoccidioidomycosis,0,0,0,0,0.0,0,Soil-Transmitted Helminths,0,0,0,43,0
PMC3201596_03,Echinococcosis,0,0,0,0,0.0,1,Echinococcosis,3,3,0,43,0
PMC3201596_04,Echinococcosis,0,0,0,0,0.0,1,Echinococcosis,4,4,0,43,0
PMC3310273_04,Tuberculosis,0,1,1,4,0.25,1,Tuberculosis,184,184,0,43,0
PMC3323263_01,Dengue,0,0,0,29,0.034482758620689655,1,Dengue,79,79,0,40,0
PMC3326964_01,Tuberculosis,0,1,1,3,0.3333333333333333,1,Tuberculosis,106,106,0,40,0
PMC3361784_01,Dengue,0,0,0,0,0.0,1,Dengue,12,12,0,43,0
PMC3593512_01,Soil-Transmitted Helminths,0,0,0,0,0.0,1,Soil-Transmitted Helminths,0,0,0,43,0
PMC3937491_01,Leprosy,0,0,0,0,0.0,1,Leprosy,37,37,0,43,0
PMC4430140_01,Echinococcosis,0,0,0,0,0.0,1,Echinococcosis,13,13,0,43,0
PMC4468588_01,Echinococcosis,0,0,0,0,0.0,1,Echinococcosis,15,15,0,43,0
PMC4489418_01,Tuberculosis,0,1,1,4,0.25,1,Tuberculosis,98,98,0,43,0
PMC4677577_01,Tuberculosis,1,1,1,1,1.0,1,Tuberculosis,582,582,0,42,0
PMC4759996_01,Soil-Transmitted Helminths,0,0,0,0,0.0,1,Soil-Transmitted Helminths,0,0,0,43,0
PMC4857688_01,Scabies,0,0,0,0,0.0,1,Scabies,2,2,0,43,0
PMC5215530_01,Tuberculosis,0,1,1,4,0.25,1,Tuberculosis,102,102,0,43,0
PMC5574469_01,Scrub Typhus,0,0,1,10,0.1,1,Scrub Typhus,8,8,0,39,0
PMC5629881_01,Leptospirosis,0,0,0,0,0.0,1,Leptospirosis,14,14,0,42,0
PMC5987074_01,Tuberculosis,0,1,1,4,0.25,1,Tuberculosis,90,90,0,43,0
PMC6417330_01,Dengue,0,0,0,25,0.04,1,Dengue,415,415,0,42,0
PMC6417330_02,Dengue,0,0,0,29,0.034482758620689655,1,Dengue,294,294,0,43,0
PMC6417330_04,Dengue,0,0,0,26,0.038461538461538464,1,Dengue,443,443,0,42,0
PMC6526580_01,Leprosy,0,0,0,0,0.0,1,Leprosy,5,5,0,43,0
PMC6556212_01,Talaromycosis,0,0,0,0,0.0,1,Talaromycosis,5,5,0,40,0
PMC6694717_02,Tuberculosis,0,1,1,4,0.25,1,Tuberculosis,86,86,0,43,0
PMC6754851_04,Tuberculosis,0,1,1,4,0.25,1,Tuberculosis,166,166,0,42,0
PMC6837831_01,Amebiasis,0,0,0,0,0.0,1,Amebiasis,5,5,0,43,0
PMC7687509_01,Tuberculosis,0,1,1,4,0.25,1,Tuberculosis,131,131,0,41,0
PMC8202357_01,Neurocysticercosis,0,0,0,0,0.0,1,Neurocysticercosis,23,23,0,43,0
PMC8683165_01,Tuberculosis,0,1,1,4,0.25,1,Tuberculosis,143,143,0,43,0
PMC9198831_01,Tuberculosis,0,1,1,4,0.25,1,Tuberculosis,123,123,0,43,0
PMC9201408_01,Tuberculosis,0,1,1,4,0.25,1,Tuberculosis,92,92,0,43,0
PMC9447446_01,Tuberculosis,0,1,1,4,0.25,1,Tuberculosis,161,161,0,42,0
PMC9759007_07,Malaria,0,0,0,25,0.04,1,Malaria,56,56,0,41,0
PMC9922052_01,Leishmaniasis,0,0,0,0,0.0,1,Leishmaniasis,12,12,0,43,0
PMC10122573_01,Leishmaniasis,0,0,0,0,0.0,1,Leishmaniasis,16,16,0,42,0
PMC10122573_02,Leishmaniasis,0,0,0,0,0.0,1,Leishmaniasis,11,11,0,41,0
PMC10243522_01,Leishmaniasis,0,0,0,0,0.0,1,Leishmaniasis,23,23,0,41,0
PMC10367195_01,Tuberculosis,0,1,1,4,0.25,1,Tuberculosis,89,89,0,41,0
PMC10440106_01,Dengue,0,0,0,32,0.03125,1,Dengue,182,182,0,37,0
PMC10753637_01,Tuberculosis,0,1,1,4,0.25,1,Tuberculosis,116,116,0,43,0
PMC10768651_01,Tuberculosis,0,1,1,4,0.25,1,Tuberculosis,98,98,0,43,0
PMC10784276_01,Leptospirosis,0,0,0,0,0.0,1,Leptospirosis,8,8,0,43,0
PMC10838024_01,Malaria,0,0,0,26,0.038461538461538464,1,Malaria,107,107,0,43,0
PMC10846756_01,Tuberculosis,0,1,1,4,0.25,1,Tuberculosis,103,103,0,43,0
PMC10854397_01,Echinococcosis,0,0,0,0,0.0,1,Echinococcosis,7,7,0,43,0
PMC11021106_01,Echinococcosis,0,0,0,0,0.0,1,Echinococcosis,3,3,0,43,0
PMC11041532_01,Tuberculosis,0,1,1,4,0.25,1,Tuberculosis,117,117,0,43,0
PMC11290868_01,Paracoccidioidomycosis,0,0,0,0,0.0,1,Paracoccidioidomycosis,0,0,0,43,0
PMC11334117_01,Tuberculosis,0,1,1,4,0.25,1,Tuberculosis,116,116,0,43,0
PMC11445011_01,Tuberculosis,0,1,1,3,0.3333333333333333,1,Tuberculosis,112,112,0,38,0
PMC11743283_01,Talaromycosis,0,0,0,0,0.0,1,Talaromycosis,5,5,0,41,0
PMC11786606_01,Leprosy,0,0,0,0,0.0,1,Leprosy,10,10,0,43,0
PMC11821501_01,Tuberculosis,0,1,1,4,0.25,1,Tuberculosis,93,93,0,43,0
PMC12224322_01,Tuberculosis,0,1,1,4,0.25,1,Tuberculosis,111,111,0,43,0
PMC13006511_01,Neurocysticercosis,0,0,0,0,0.0,1,Neurocysticercosis,11,11,0,43,0
PMC2816346_01,Foodborne Trematodes,0,0,0,0,0.0,1,Foodborne Trematodes,0,0,0,42,0
PMC3206365_01,Neurocysticercosis,0,0,0,0,0.0,1,Neurocysticercosis,21,21,0,43,0
PMC3227237_01,Leishmaniasis,0,0,0,0,0.0,1,Leishmaniasis,27,27,0,43,0
PMC3253394_02,Tuberculosis,0,1,1,4,0.25,1,Tuberculosis,105,105,0,43,0
PMC3284420_01,Dengue,0,0,0,0,0.0,1,Dengue,67,67,0,41,0
PMC3323271_01,Viral Hemorrhagic Fevers,0,1,1,2,0.5,1,Viral Hemorrhagic Fevers,6,6,0,39,0
PMC3336218_01,Soil-Transmitted Helminths,0,0,0,0,0.0,1,Soil-Transmitted Helminths,0,0,0,43,0
PMC3343675_01,Tuberculosis,0,1,1,4,0.25,1,Tuberculosis,75,75,0,43,0
PMC3375743_01,Foodborne Trematodes,0,0,0,0,0.0,1,Foodborne Trematodes,0,0,0,43,0
PMC3415050_01,Tuberculosis,0,1,1,4,0.25,1,Tuberculosis,159,159,0,43,0
PMC3716239_01,Tuberculosis,0,1,1,4,0.25,1,Tuberculosis,81,81,0,43,0
PMC3730476_01,Tuberculosis,0,1,1,4,0.25,1,Tuberculosis,510,510,0,42,0
PMC3738493_02,Dengue,0,0,0,0,0.0,1,Dengue,62,62,0,41,0
PMC4759997_01,Dengue,0,1,1,3,0.3333333333333333,1,Dengue,194,194,0,43,0
PMC4761126_01,Tuberculosis,0,1,1,3,0.3333333333333333,1,Tuberculosis,92,92,0,39,0
PMC5012831_01,Tuberculosis,0,1,1,4,0.25,1,Tuberculosis,129,129,0,43,0
PMC5288886_01,Mycetoma,0,0,0,0,0.0,1,Mycetoma,2,2,0,43,0
PMC5340087_01,Tuberculosis,0,1,1,4,0.25,1,Tuberculosis,107,107,0,43,0
PMC5445650_01,Paracoccidioidomycosis,0,0,0,0,0.0,1,Paracoccidioidomycosis,6,6,0,43,0
PMC5820895_01,Dengue,0,0,1,16,0.0625,1,Dengue,76,76,0,41,0
PMC6016156_01,Tuberculosis,0,1,1,3,0.3333333333333333,1,Tuberculosis,107,107,0,36,0
PMC6263537_01,Schistosomiasis,0,0,1,13,0.07692307692307693,1,Schistosomiasis,25,25,0,43,0
PMC6304869_01,Tuberculosis,0,1,1,4,0.25,1,Tuberculosis,117,117,0,43,0
PMC6304869_02,Tuberculosis,0,1,1,4,0.25,1,Tuberculosis,120,120,0,42,0
PMC6304869_03,Tuberculosis,0,1,1,3,0.3333333333333333,1,Tuberculosis,92,92,0,41,0
PMC6452622_01,Echinococcosis,0,0,0,0,0.0,1,Echinococcosis,23,23,0,43,0
PMC6589246_01,Tuberculosis,0,1,1,3,0.3333333333333333,1,Tuberculosis,132,132,0,41,0
PMC6679641_01,Tuberculosis,0,1,1,4,0.25,1,Tuberculosis,169,169,0,43,0
PMC7370326_01,Talaromycosis,0,0,0,0,0.0,1,Talaromycosis,7,7,0,42,0
PMC7553599_01,Tuberculosis,0,1,1,4,0.25,1,Tuberculosis,128,128,0,43,0
PMC7670735_01,Leprosy|Trypanosomiasis,0,0,0,0,0.0,1,Leprosy,9,7,0,43,0
PMC7906555_01,Scabies,0,0,1,7,0.14285714285714285,1,Scabies,66,66,0,43,0
PMC8022158_01,Foodborne Trematodes,0,0,0,0,0.0,0,Tuberculosis,100,-100,0,43,0
PMC8184239_01,Leprosy,0,0,0,0,0.0,1,Leprosy,26,26,0,43,0
PMC8292084_01,Schistosomiasis,0,0,0,0,0.0,1,Schistosomiasis,1,1,0,43,0
PMC8574110_01,Tuberculosis,0,1,1,4,0.25,1,Tuberculosis,223,223,0,43,0
PMC9396231_01,Echinococcosis,0,0,0,0,0.0,1,Echinococcosis,24,24,0,43,0
PMC9720788_01,Echinococcosis,0,0,0,0,0.0,1,Echinococcosis,6,6,0,43,0
PMC9742681_01,Tuberculosis,0,1,1,4,0.25,1,Tuberculosis,113,113,0,38,0
PMC9843065_01,Tuberculosis,0,1,1,4,0.25,1,Tuberculosis,124,124,0,42,0
PMC9928219_01,Tuberculosis,0,1,1,4,0.25,1,Tuberculosis,129,129,0,43,0
